{
  "schema_version": "1.0",
  "run_id": "yolo_augon_20260710_161314",
  "stage": 1,
  "model": "yolo",
  "augmentation": true,
  "seed": 42,
  "smoke": false,
  "device": "cuda:0",
  "split": {
    "scheme": "fixed",
    "n_folds": 1,
    "test_set": "real_v3/test"
  },
  "dataset": {
    "n_train": 713,
    "n_val": 101,
    "n_test": 148,
    "n_good": 0,
    "n_defect": 0,
    "n_tiles_train": 0,
    "n_tiles_test": 0,
    "missing_mask_policy": "normal",
    "crop_failures": 0
  },
  "runtime": {
    "train_seconds": 4810.58,
    "infer_ms_per_image": 32.25
  },
  "metrics": {
    "bbox_map50": 0.8274261572066054,
    "bbox_map50_95": 0.7468674057621416,
    "segm_map50": 0.7001522817019485,
    "segm_map50_95": 0.5836777260360633,
    "segm_map75": 0.6570204307766764,
    "precision": 0.6053546770095135,
    "recall": 0.6089755215737543,
    "per_class": {
      "anti-vibration_handle": {
        "segm_ap50": -1.0,
        "segm_ap50_95": -1.0
      },
      "bearing_plate": {
        "segm_ap50": 0.4379676623124497,
        "segm_ap50_95": 0.40738774717807913
      },
      "bevel_gear_drive": {
        "segm_ap50": 0.5841584158415841,
        "segm_ap50_95": 0.3974373907979033
      },
      "bevel_gear_spindle": {
        "segm_ap50": 1.0,
        "segm_ap50_95": 0.8850123824784822
      },
      "gearbox_housing": {
        "segm_ap50": 0.44801980198019803,
        "segm_ap50_95": 0.42028912555121056
      },
      "intermediate_gearbox": {
        "segm_ap50": -1.0,
        "segm_ap50_95": -1.0
      },
      "motor_housing": {
        "segm_ap50": 0.7331127814166988,
        "segm_ap50_95": 0.5907246683506887
      },
      "shaft": {
        "segm_ap50": 0.9976550286607607,
        "segm_ap50_95": 0.8012150418600155
      },
      "wheel_guard": {
        "segm_ap50": -1.0,
        "segm_ap50_95": -1.0
      }
    }
  },
  "git_commit": "3a1754b",
  "timestamp_utc": "2026-07-10T17:33:30.636338+00:00"
}