{
  "schema_version": "1.0",
  "run_id": "mask2former_augoff_20260716_120203",
  "stage": 1,
  "model": "mask2former",
  "tag": "",
  "init_weights": null,
  "augmentation": false,
  "seed": 42,
  "smoke": false,
  "device": "cuda:0",
  "environment": {
    "kip_workers": 0,
    "torch": "2.13.0+cu126",
    "ultralytics": "8.4.95"
  },
  "split": {
    "scheme": "tool_disjoint_tool10+tool98",
    "n_folds": 1,
    "test_set": "real_v3/test",
    "fingerprint": {
      "n_test": 148,
      "test_tools": [
        "tool10",
        "tool98"
      ],
      "test_json_sha256": "deda10926453225a",
      "n_classes_total": 9,
      "n_classes_in_test_gt": 6,
      "test_category_ids": [
        2,
        3,
        4,
        5,
        7,
        8
      ]
    }
  },
  "dataset": {
    "n_train": 713,
    "n_val": 101,
    "n_test": 148,
    "n_good": 0,
    "n_defect": 0,
    "n_tiles_train": 0,
    "n_tiles_test": 0,
    "missing_mask_policy": "normal",
    "crop_failures": 0
  },
  "runtime": {
    "train_seconds": 7061.45,
    "infer_ms_per_image": 124.16
  },
  "metrics": {
    "bbox_map50": 0.706148855383214,
    "bbox_map50_95": 0.6240288141912361,
    "segm_map50": 0.5870735180772035,
    "segm_map50_95": 0.5085188295133328,
    "segm_map75": 0.5469024361385236,
    "precision": 0.551840228310572,
    "recall": 0.551840228310572,
    "per_class": {
      "anti-vibration_handle": {
        "segm_ap50": -1.0,
        "segm_ap50_95": -1.0
      },
      "bearing_plate": {
        "segm_ap50": 0.3064713367888513,
        "segm_ap50_95": 0.2598229616065055
      },
      "bevel_gear_drive": {
        "segm_ap50": 0.5841584158415841,
        "segm_ap50_95": 0.4078334304018637
      },
      "bevel_gear_spindle": {
        "segm_ap50": 1.0,
        "segm_ap50_95": 0.9308454981439422
      },
      "gearbox_housing": {
        "segm_ap50": 0.4246424642464246,
        "segm_ap50_95": 0.4006257768634006
      },
      "intermediate_gearbox": {
        "segm_ap50": -1.0,
        "segm_ap50_95": -1.0
      },
      "motor_housing": {
        "segm_ap50": 0.7517233470319058,
        "segm_ap50_95": 0.6439985113844168
      },
      "shaft": {
        "segm_ap50": 0.45544554455445546,
        "segm_ap50_95": 0.407986798679868
      },
      "wheel_guard": {
        "segm_ap50": -1.0,
        "segm_ap50_95": -1.0
      }
    }
  },
  "git_commit": "4f3eb23",
  "timestamp_utc": "2026-07-16T14:00:04.764978+00:00"
}