{
  "schema_version": "1.0",
  "run_id": "mask2former_augoff_20260709_223751",
  "stage": 1,
  "model": "mask2former",
  "augmentation": false,
  "seed": 42,
  "smoke": false,
  "device": "cuda:0",
  "split": {
    "scheme": "fixed",
    "n_folds": 1,
    "test_set": "real_v3/test"
  },
  "dataset": {
    "n_train": 803,
    "n_val": 101,
    "n_test": 58,
    "n_good": 0,
    "n_defect": 0,
    "n_tiles_train": 0,
    "n_tiles_test": 0,
    "missing_mask_policy": "normal",
    "crop_failures": 0
  },
  "runtime": {
    "train_seconds": 8760.74,
    "infer_ms_per_image": 161.63
  },
  "metrics": {
    "bbox_map50": 0.49491417395707826,
    "bbox_map50_95": 0.3700866420632339,
    "segm_map50": 0.388539662329853,
    "segm_map50_95": 0.31031907657112257,
    "segm_map75": 0.28193075629402026,
    "precision": 0.3529606625258798,
    "recall": 0.35585921325051756,
    "per_class": {
      "anti-vibration_handle": {
        "segm_ap50": -1.0,
        "segm_ap50_95": -1.0
      },
      "bearing_plate": {
        "segm_ap50": 0.24290429042904288,
        "segm_ap50_95": 0.22344918629794017
      },
      "bevel_gear_drive": {
        "segm_ap50": 0.0,
        "segm_ap50_95": 0.0
      },
      "bevel_gear_spindle": {
        "segm_ap50": 1.0,
        "segm_ap50_95": 0.9239349573902623
      },
      "gearbox_housing": {
        "segm_ap50": 0.0,
        "segm_ap50_95": 0.0
      },
      "intermediate_gearbox": {
        "segm_ap50": -1.0,
        "segm_ap50_95": -1.0
      },
      "motor_housing": {
        "segm_ap50": 0.6328881389956198,
        "segm_ap50_95": 0.3032679395009093
      },
      "shaft": {
        "segm_ap50": 0.45544554455445546,
        "segm_ap50_95": 0.41126237623762374
      },
      "wheel_guard": {
        "segm_ap50": -1.0,
        "segm_ap50_95": -1.0
      }
    }
  },
  "git_commit": "7e0946a",
  "timestamp_utc": "2026-07-10T01:04:02.592939+00:00"
}