{
  "schema_version": "1.0",
  "run_id": "yolo26_augon_synthpretrain_20260720_054954",
  "stage": 1,
  "model": "yolo26",
  "tag": "synthpretrain",
  "init_weights": "results/synth1088_y26/seed42/weights/best.pt",
  "augmentation": true,
  "seed": 1,
  "smoke": false,
  "device": "cuda:0",
  "environment": {
    "kip_workers": 0,
    "torch": "2.13.0+cu126",
    "ultralytics": "8.4.95"
  },
  "split": {
    "scheme": "tool_disjoint_tool10+tool98",
    "n_folds": 1,
    "test_set": "real_v3/test",
    "fingerprint": {
      "n_test": 148,
      "test_tools": [
        "tool10",
        "tool98"
      ],
      "test_json_sha256": "deda10926453225a",
      "n_classes_total": 9,
      "n_classes_in_test_gt": 6,
      "test_category_ids": [
        2,
        3,
        4,
        5,
        7,
        8
      ]
    }
  },
  "dataset": {
    "n_train": 713,
    "n_val": 101,
    "n_test": 148,
    "n_good": 0,
    "n_defect": 0,
    "n_tiles_train": 0,
    "n_tiles_test": 0,
    "missing_mask_policy": "normal",
    "crop_failures": 0
  },
  "runtime": {
    "train_seconds": 4884.01,
    "infer_ms_per_image": 31.31
  },
  "metrics": {
    "bbox_map50": 0.8398326079478563,
    "bbox_map50_95": 0.7432986987685266,
    "segm_map50": 0.7004441205677279,
    "segm_map50_95": 0.590476070768135,
    "segm_map75": 0.6290574271890147,
    "precision": 0.640200200289807,
    "recall": 0.646336768124488,
    "per_class": {
      "anti-vibration_handle": {
        "segm_ap50": -1.0,
        "segm_ap50_95": -1.0
      },
      "bearing_plate": {
        "segm_ap50": 0.20947666195190948,
        "segm_ap50_95": 0.20947666195190948
      },
      "bevel_gear_drive": {
        "segm_ap50": 0.5841584158415841,
        "segm_ap50_95": 0.43147614761476144
      },
      "bevel_gear_spindle": {
        "segm_ap50": 0.9996806132226126,
        "segm_ap50_95": 0.8920960592058474
      },
      "gearbox_housing": {
        "segm_ap50": 0.5444544454445445,
        "segm_ap50_95": 0.4554964067835355
      },
      "intermediate_gearbox": {
        "segm_ap50": -1.0,
        "segm_ap50_95": -1.0
      },
      "motor_housing": {
        "segm_ap50": 0.8648945869457164,
        "segm_ap50_95": 0.6744218397384039
      },
      "shaft": {
        "segm_ap50": 1.0,
        "segm_ap50_95": 0.8798893093143524
      },
      "wheel_guard": {
        "segm_ap50": -1.0,
        "segm_ap50_95": -1.0
      }
    }
  },
  "git_commit": "b86e899",
  "timestamp_utc": "2026-07-20T07:11:24.549666+00:00"
}