{
  "schema_version": "1.0",
  "run_id": "mask2former_augon_synthpretrain_20260721_142544",
  "stage": 1,
  "model": "mask2former",
  "tag": "synthpretrain",
  "init_weights": null,
  "augmentation": true,
  "seed": 42,
  "smoke": false,
  "device": "cuda:0",
  "environment": {
    "kip_workers": 8,
    "torch": "2.13.0+cu126",
    "ultralytics": "8.4.95"
  },
  "split": {
    "scheme": "tool_disjoint_tool10+tool98",
    "n_folds": 1,
    "test_set": "real_v3/test",
    "fingerprint": {
      "n_test": 148,
      "test_tools": [
        "tool10",
        "tool98"
      ],
      "test_json_sha256": "deda10926453225a",
      "n_classes_total": 9,
      "n_classes_in_test_gt": 6,
      "test_category_ids": [
        2,
        3,
        4,
        5,
        7,
        8
      ]
    }
  },
  "dataset": {
    "n_train": 713,
    "n_val": 101,
    "n_test": 148,
    "n_good": 0,
    "n_defect": 0,
    "n_tiles_train": 0,
    "n_tiles_test": 0,
    "missing_mask_policy": "normal",
    "crop_failures": 0
  },
  "runtime": {
    "train_seconds": 6819.17,
    "infer_ms_per_image": 115.53
  },
  "metrics": {
    "bbox_map50": 0.7839530785657751,
    "bbox_map50_95": 0.6540075303831435,
    "segm_map50": 0.6685983304212775,
    "segm_map50_95": 0.5615441976266681,
    "segm_map75": 0.5917112269933054,
    "precision": 0.6083309900162376,
    "recall": 0.6083309900162376,
    "per_class": {
      "anti-vibration_handle": {
        "segm_ap50": -1.0,
        "segm_ap50_95": -1.0
      },
      "bearing_plate": {
        "segm_ap50": 0.2865463016889924,
        "segm_ap50_95": 0.22154921374490394
      },
      "bevel_gear_drive": {
        "segm_ap50": 0.5841584158415841,
        "segm_ap50_95": 0.4206445350417395
      },
      "bevel_gear_spindle": {
        "segm_ap50": 1.0,
        "segm_ap50_95": 0.9058354277061568
      },
      "gearbox_housing": {
        "segm_ap50": 0.41811298776936523,
        "segm_ap50_95": 0.400651516509117
      },
      "intermediate_gearbox": {
        "segm_ap50": -1.0,
        "segm_ap50_95": -1.0
      },
      "motor_housing": {
        "segm_ap50": 0.9801980198019802,
        "segm_ap50_95": 0.8824564822453695
      },
      "shaft": {
        "segm_ap50": 0.7425742574257426,
        "segm_ap50_95": 0.5381280105127217
      },
      "wheel_guard": {
        "segm_ap50": -1.0,
        "segm_ap50_95": -1.0
      }
    }
  },
  "git_commit": "d01ca47",
  "timestamp_utc": "2026-07-21T16:19:41.575539+00:00"
}