{
  "schema_version": "1.0",
  "run_id": "mask2former_augon_20260709_191040",
  "stage": 1,
  "model": "mask2former",
  "augmentation": true,
  "seed": 42,
  "smoke": false,
  "device": "cuda:0",
  "split": {
    "scheme": "fixed",
    "n_folds": 1,
    "test_set": "real_v3/test"
  },
  "dataset": {
    "n_train": 803,
    "n_val": 101,
    "n_test": 58,
    "n_good": 0,
    "n_defect": 0,
    "n_tiles_train": 0,
    "n_tiles_test": 0,
    "missing_mask_policy": "normal",
    "crop_failures": 0
  },
  "runtime": {
    "train_seconds": 9102.41,
    "infer_ms_per_image": 127.87
  },
  "metrics": {
    "bbox_map50": 0.5556135613561356,
    "bbox_map50_95": 0.39849916426341137,
    "segm_map50": 0.4668623785455468,
    "segm_map50_95": 0.34218745807730955,
    "segm_map75": 0.29115511551155115,
    "precision": 0.3727536231884058,
    "recall": 0.3727536231884058,
    "per_class": {
      "anti-vibration_handle": {
        "segm_ap50": -1.0,
        "segm_ap50_95": -1.0
      },
      "bearing_plate": {
        "segm_ap50": 0.41393754760091395,
        "segm_ap50_95": 0.30373038842345773
      },
      "bevel_gear_drive": {
        "segm_ap50": 0.0,
        "segm_ap50_95": 0.0
      },
      "bevel_gear_spindle": {
        "segm_ap50": 1.0,
        "segm_ap50_95": 0.9074329960468575
      },
      "gearbox_housing": {
        "segm_ap50": 0.0,
        "segm_ap50_95": 0.0
      },
      "intermediate_gearbox": {
        "segm_ap50": -1.0,
        "segm_ap50_95": -1.0
      },
      "motor_housing": {
        "segm_ap50": 0.9317911791179119,
        "segm_ap50_95": 0.44542671052819577
      },
      "shaft": {
        "segm_ap50": 0.45544554455445546,
        "segm_ap50_95": 0.39653465346534655
      },
      "wheel_guard": {
        "segm_ap50": -1.0,
        "segm_ap50_95": -1.0
      }
    }
  },
  "git_commit": "7e0946a",
  "timestamp_utc": "2026-07-09T21:42:30.836765+00:00"
}