{
  "schema_version": "1.0",
  "run_id": "mask2former_augoff_20260716_145043",
  "stage": 1,
  "model": "mask2former",
  "tag": "",
  "init_weights": null,
  "augmentation": false,
  "seed": 1,
  "smoke": false,
  "device": "cuda:0",
  "environment": {
    "kip_workers": 0,
    "torch": "2.13.0+cu126",
    "ultralytics": "8.4.95"
  },
  "split": {
    "scheme": "tool_disjoint_tool10+tool98",
    "n_folds": 1,
    "test_set": "real_v3/test",
    "fingerprint": {
      "n_test": 148,
      "test_tools": [
        "tool10",
        "tool98"
      ],
      "test_json_sha256": "deda10926453225a",
      "n_classes_total": 9,
      "n_classes_in_test_gt": 6,
      "test_category_ids": [
        2,
        3,
        4,
        5,
        7,
        8
      ]
    }
  },
  "dataset": {
    "n_train": 713,
    "n_val": 101,
    "n_test": 148,
    "n_good": 0,
    "n_defect": 0,
    "n_tiles_train": 0,
    "n_tiles_test": 0,
    "missing_mask_policy": "normal",
    "crop_failures": 0
  },
  "runtime": {
    "train_seconds": 6874.61,
    "infer_ms_per_image": 118.3
  },
  "metrics": {
    "bbox_map50": 0.7329283108961238,
    "bbox_map50_95": 0.601781528061874,
    "segm_map50": 0.5978765458963479,
    "segm_map50_95": 0.5092357211088853,
    "segm_map75": 0.5308726521701264,
    "precision": 0.560693810417711,
    "recall": 0.560693810417711,
    "per_class": {
      "anti-vibration_handle": {
        "segm_ap50": -1.0,
        "segm_ap50_95": -1.0
      },
      "bearing_plate": {
        "segm_ap50": 0.18246110325318243,
        "segm_ap50_95": 0.18246110325318246
      },
      "bevel_gear_drive": {
        "segm_ap50": 0.5841584158415841,
        "segm_ap50_95": 0.40749854397204427
      },
      "bevel_gear_spindle": {
        "segm_ap50": 1.0,
        "segm_ap50_95": 0.9437685026272619
      },
      "gearbox_housing": {
        "segm_ap50": 0.40594059405940597,
        "segm_ap50_95": 0.39246001523229246
      },
      "intermediate_gearbox": {
        "segm_ap50": -1.0,
        "segm_ap50_95": -1.0
      },
      "motor_housing": {
        "segm_ap50": 0.9592536176694592,
        "segm_ap50_95": 0.7241607443125195
      },
      "shaft": {
        "segm_ap50": 0.45544554455445546,
        "segm_ap50_95": 0.4050654172560113
      },
      "wheel_guard": {
        "segm_ap50": -1.0,
        "segm_ap50_95": -1.0
      }
    }
  },
  "git_commit": "4f3eb23",
  "timestamp_utc": "2026-07-16T16:45:36.625931+00:00"
}