{
  "schema_version": "1.0",
  "run_id": "yolo_augoff_realonly_20260716_140009",
  "stage": 1,
  "model": "yolo",
  "tag": "realonly",
  "init_weights": "yolo11n-seg.pt",
  "augmentation": false,
  "seed": 1,
  "smoke": false,
  "device": "cuda:0",
  "environment": {
    "kip_workers": 0,
    "torch": "2.13.0+cu126",
    "ultralytics": "8.4.95"
  },
  "split": {
    "scheme": "tool_disjoint_tool10+tool98",
    "n_folds": 1,
    "test_set": "real_v3/test",
    "fingerprint": {
      "n_test": 148,
      "test_tools": [
        "tool10",
        "tool98"
      ],
      "test_json_sha256": "deda10926453225a",
      "n_classes_total": 9,
      "n_classes_in_test_gt": 6,
      "test_category_ids": [
        2,
        3,
        4,
        5,
        7,
        8
      ]
    }
  },
  "dataset": {
    "n_train": 713,
    "n_val": 101,
    "n_test": 148,
    "n_good": 0,
    "n_defect": 0,
    "n_tiles_train": 0,
    "n_tiles_test": 0,
    "missing_mask_policy": "normal",
    "crop_failures": 0
  },
  "runtime": {
    "train_seconds": 3023.99,
    "infer_ms_per_image": 28.54
  },
  "metrics": {
    "bbox_map50": 0.8039037201206936,
    "bbox_map50_95": 0.6899943331361753,
    "segm_map50": 0.6673074581788009,
    "segm_map50_95": 0.5618426988125953,
    "segm_map75": 0.6287720753677445,
    "precision": 0.5877408213837494,
    "recall": 0.5956151235945811,
    "per_class": {
      "anti-vibration_handle": {
        "segm_ap50": -1.0,
        "segm_ap50_95": -1.0
      },
      "bearing_plate": {
        "segm_ap50": 0.49611984971164075,
        "segm_ap50_95": 0.40421763129431026
      },
      "bevel_gear_drive": {
        "segm_ap50": 0.5841584158415841,
        "segm_ap50_95": 0.40143631557725906
      },
      "bevel_gear_spindle": {
        "segm_ap50": 1.0,
        "segm_ap50_95": 0.9092452829731942
      },
      "gearbox_housing": {
        "segm_ap50": 0.42574257425742573,
        "segm_ap50_95": 0.39608831471382433
      },
      "intermediate_gearbox": {
        "segm_ap50": -1.0,
        "segm_ap50_95": -1.0
      },
      "motor_housing": {
        "segm_ap50": 0.6580999520794177,
        "segm_ap50_95": 0.589662877088135
      },
      "shaft": {
        "segm_ap50": 0.8397239571827365,
        "segm_ap50_95": 0.6704057712288484
      },
      "wheel_guard": {
        "segm_ap50": -1.0,
        "segm_ap50_95": -1.0
      }
    }
  },
  "git_commit": "4f3eb23",
  "timestamp_utc": "2026-07-16T14:50:38.822016+00:00"
}