{
  "schema_version": "1.0",
  "run_id": "yolo26_augon_20260715_183555",
  "stage": 1,
  "model": "yolo26",
  "tag": "",
  "init_weights": "yolo26n-seg.pt",
  "augmentation": true,
  "seed": 42,
  "smoke": false,
  "device": "cuda:0",
  "environment": {
    "kip_workers": 0,
    "torch": "2.13.0+cu126",
    "ultralytics": "8.4.95"
  },
  "split": {
    "scheme": "tool_disjoint_tool10+tool98",
    "n_folds": 1,
    "test_set": "real_v3/test",
    "fingerprint": {
      "n_test": 148,
      "test_tools": [
        "tool10",
        "tool98"
      ],
      "test_json_sha256": "deda10926453225a",
      "n_classes_total": 9,
      "n_classes_in_test_gt": 6,
      "test_category_ids": [
        2,
        3,
        4,
        5,
        7,
        8
      ]
    }
  },
  "dataset": {
    "n_train": 713,
    "n_val": 101,
    "n_test": 148,
    "n_good": 0,
    "n_defect": 0,
    "n_tiles_train": 0,
    "n_tiles_test": 0,
    "missing_mask_policy": "normal",
    "crop_failures": 0
  },
  "runtime": {
    "train_seconds": 5606.08,
    "infer_ms_per_image": 37.17
  },
  "metrics": {
    "bbox_map50": 0.8088916863937745,
    "bbox_map50_95": 0.7133545014172549,
    "segm_map50": 0.714643327020874,
    "segm_map50_95": 0.5726005862244735,
    "segm_map75": 0.6277612772832722,
    "precision": 0.6235854446677505,
    "recall": 0.6337545342646161,
    "per_class": {
      "anti-vibration_handle": {
        "segm_ap50": -1.0,
        "segm_ap50_95": -1.0
      },
      "bearing_plate": {
        "segm_ap50": 0.5887790375419466,
        "segm_ap50_95": 0.32368456946153107
      },
      "bevel_gear_drive": {
        "segm_ap50": 0.5841584158415841,
        "segm_ap50_95": 0.45581683168316833
      },
      "bevel_gear_spindle": {
        "segm_ap50": 1.0,
        "segm_ap50_95": 0.8628308092110476
      },
      "gearbox_housing": {
        "segm_ap50": 0.4668559414925158,
        "segm_ap50_95": 0.4164540385164506
      },
      "intermediate_gearbox": {
        "segm_ap50": -1.0,
        "segm_ap50_95": -1.0
      },
      "motor_housing": {
        "segm_ap50": 0.770349770712499,
        "segm_ap50_95": 0.6187857340313596
      },
      "shaft": {
        "segm_ap50": 0.877716796536698,
        "segm_ap50_95": 0.7580315344432839
      },
      "wheel_guard": {
        "segm_ap50": -1.0,
        "segm_ap50_95": -1.0
      }
    }
  },
  "git_commit": "4f3eb23",
  "timestamp_utc": "2026-07-15T20:09:28.708049+00:00"
}