{
  "schema_version": "1.0",
  "run_id": "mask2former_augon_20260716_054359",
  "stage": 1,
  "model": "mask2former",
  "tag": "",
  "init_weights": null,
  "augmentation": true,
  "seed": 2,
  "smoke": false,
  "device": "cuda:0",
  "environment": {
    "kip_workers": 0,
    "torch": "2.13.0+cu126",
    "ultralytics": "8.4.95"
  },
  "split": {
    "scheme": "tool_disjoint_tool10+tool98",
    "n_folds": 1,
    "test_set": "real_v3/test",
    "fingerprint": {
      "n_test": 148,
      "test_tools": [
        "tool10",
        "tool98"
      ],
      "test_json_sha256": "deda10926453225a",
      "n_classes_total": 9,
      "n_classes_in_test_gt": 6,
      "test_category_ids": [
        2,
        3,
        4,
        5,
        7,
        8
      ]
    }
  },
  "dataset": {
    "n_train": 713,
    "n_val": 101,
    "n_test": 148,
    "n_good": 0,
    "n_defect": 0,
    "n_tiles_train": 0,
    "n_tiles_test": 0,
    "missing_mask_policy": "normal",
    "crop_failures": 0
  },
  "runtime": {
    "train_seconds": 6902.68,
    "infer_ms_per_image": 117.83
  },
  "metrics": {
    "bbox_map50": 0.729679373101163,
    "bbox_map50_95": 0.6441126379657471,
    "segm_map50": 0.6626816990037014,
    "segm_map50_95": 0.5308551650618452,
    "segm_map75": 0.5479232106494949,
    "precision": 0.5689074549100334,
    "recall": 0.5701653165452536,
    "per_class": {
      "anti-vibration_handle": {
        "segm_ap50": -1.0,
        "segm_ap50_95": -1.0
      },
      "bearing_plate": {
        "segm_ap50": 0.5139217726120439,
        "segm_ap50_95": 0.3171261419620223
      },
      "bevel_gear_drive": {
        "segm_ap50": 0.5841584158415841,
        "segm_ap50_95": 0.41827279156487074
      },
      "bevel_gear_spindle": {
        "segm_ap50": 1.0,
        "segm_ap50_95": 0.9103259175900825
      },
      "gearbox_housing": {
        "segm_ap50": 0.42365815528921313,
        "segm_ap50_95": 0.40635400382143483
      },
      "intermediate_gearbox": {
        "segm_ap50": -1.0,
        "segm_ap50_95": -1.0
      },
      "motor_housing": {
        "segm_ap50": 0.9989063057249121,
        "segm_ap50_95": 0.735403620581175
      },
      "shaft": {
        "segm_ap50": 0.45544554455445546,
        "segm_ap50_95": 0.39764851485148517
      },
      "wheel_guard": {
        "segm_ap50": -1.0,
        "segm_ap50_95": -1.0
      }
    }
  },
  "git_commit": "4f3eb23",
  "timestamp_utc": "2026-07-16T07:39:20.224891+00:00"
}