{
  "schema_version": "1.0",
  "run_id": "mask2former_augon_synthpretrain_20260721_181300",
  "stage": 1,
  "model": "mask2former",
  "tag": "synthpretrain",
  "init_weights": null,
  "augmentation": true,
  "seed": 2,
  "smoke": false,
  "device": "cuda:0",
  "environment": {
    "kip_workers": 8,
    "torch": "2.13.0+cu126",
    "ultralytics": "8.4.95"
  },
  "split": {
    "scheme": "tool_disjoint_tool10+tool98",
    "n_folds": 1,
    "test_set": "real_v3/test",
    "fingerprint": {
      "n_test": 148,
      "test_tools": [
        "tool10",
        "tool98"
      ],
      "test_json_sha256": "deda10926453225a",
      "n_classes_total": 9,
      "n_classes_in_test_gt": 6,
      "test_category_ids": [
        2,
        3,
        4,
        5,
        7,
        8
      ]
    }
  },
  "dataset": {
    "n_train": 713,
    "n_val": 101,
    "n_test": 148,
    "n_good": 0,
    "n_defect": 0,
    "n_tiles_train": 0,
    "n_tiles_test": 0,
    "missing_mask_policy": "normal",
    "crop_failures": 0
  },
  "runtime": {
    "train_seconds": 6726.95,
    "infer_ms_per_image": 112.38
  },
  "metrics": {
    "bbox_map50": 0.7912765766372556,
    "bbox_map50_95": 0.6598130712812273,
    "segm_map50": 0.7075218618800656,
    "segm_map50_95": 0.554925065050929,
    "segm_map75": 0.579384350711304,
    "precision": 0.6016140299619533,
    "recall": 0.6028718915971735,
    "per_class": {
      "anti-vibration_handle": {
        "segm_ap50": -1.0,
        "segm_ap50_95": -1.0
      },
      "bearing_plate": {
        "segm_ap50": 0.5352192362093351,
        "segm_ap50_95": 0.2721357850070721
      },
      "bevel_gear_drive": {
        "segm_ap50": 0.5841584158415841,
        "segm_ap50_95": 0.42830590201877333
      },
      "bevel_gear_spindle": {
        "segm_ap50": 1.0,
        "segm_ap50_95": 0.891679988362747
      },
      "gearbox_housing": {
        "segm_ap50": 0.40378948609146637,
        "segm_ap50_95": 0.38742988177263843
      },
      "intermediate_gearbox": {
        "segm_ap50": -1.0,
        "segm_ap50_95": -1.0
      },
      "motor_housing": {
        "segm_ap50": 0.9001818549201858,
        "segm_ap50_95": 0.792390147275757
      },
      "shaft": {
        "segm_ap50": 0.8217821782178217,
        "segm_ap50_95": 0.5576086858685868
      },
      "wheel_guard": {
        "segm_ap50": -1.0,
        "segm_ap50_95": -1.0
      }
    }
  },
  "git_commit": "d01ca47",
  "timestamp_utc": "2026-07-21T20:05:25.044879+00:00"
}