{
  "schema_version": "1.0",
  "run_id": "yolo_augoff_realonly_20260716_111742",
  "stage": 1,
  "model": "yolo",
  "tag": "realonly",
  "init_weights": "yolo11n-seg.pt",
  "augmentation": false,
  "seed": 42,
  "smoke": false,
  "device": "cuda:0",
  "environment": {
    "kip_workers": 0,
    "torch": "2.13.0+cu126",
    "ultralytics": "8.4.95"
  },
  "split": {
    "scheme": "tool_disjoint_tool10+tool98",
    "n_folds": 1,
    "test_set": "real_v3/test",
    "fingerprint": {
      "n_test": 148,
      "test_tools": [
        "tool10",
        "tool98"
      ],
      "test_json_sha256": "deda10926453225a",
      "n_classes_total": 9,
      "n_classes_in_test_gt": 6,
      "test_category_ids": [
        2,
        3,
        4,
        5,
        7,
        8
      ]
    }
  },
  "dataset": {
    "n_train": 713,
    "n_val": 101,
    "n_test": 148,
    "n_good": 0,
    "n_defect": 0,
    "n_tiles_train": 0,
    "n_tiles_test": 0,
    "missing_mask_policy": "normal",
    "crop_failures": 0
  },
  "runtime": {
    "train_seconds": 2650.95,
    "infer_ms_per_image": 27.44
  },
  "metrics": {
    "bbox_map50": 0.8157629282978128,
    "bbox_map50_95": 0.7138022065929845,
    "segm_map50": 0.6784338149696978,
    "segm_map50_95": 0.5625180389548547,
    "segm_map75": 0.6252839213051435,
    "precision": 0.5917093212595683,
    "recall": 0.5935548723473093,
    "per_class": {
      "anti-vibration_handle": {
        "segm_ap50": -1.0,
        "segm_ap50_95": -1.0
      },
      "bearing_plate": {
        "segm_ap50": 0.45129066478076374,
        "segm_ap50_95": 0.43467114568599713
      },
      "bevel_gear_drive": {
        "segm_ap50": 0.5841584158415841,
        "segm_ap50_95": 0.41437584934964083
      },
      "bevel_gear_spindle": {
        "segm_ap50": 0.9961137089897698,
        "segm_ap50_95": 0.8830696152283251
      },
      "gearbox_housing": {
        "segm_ap50": 0.4184085075174184,
        "segm_ap50_95": 0.3973103720628473
      },
      "intermediate_gearbox": {
        "segm_ap50": -1.0,
        "segm_ap50_95": -1.0
      },
      "motor_housing": {
        "segm_ap50": 0.7179265007508848,
        "segm_ap50_95": 0.539266784476437
      },
      "shaft": {
        "segm_ap50": 0.9027050919377653,
        "segm_ap50_95": 0.7064144669258808
      },
      "wheel_guard": {
        "segm_ap50": -1.0,
        "segm_ap50_95": -1.0
      }
    }
  },
  "git_commit": "4f3eb23",
  "timestamp_utc": "2026-07-16T12:01:58.994237+00:00"
}