{
  "schema_version": "1.0",
  "run_id": "yolo_augon_20260710_092943",
  "stage": 1,
  "model": "yolo",
  "augmentation": true,
  "seed": 42,
  "smoke": false,
  "device": "cuda:0",
  "split": {
    "scheme": "fixed",
    "n_folds": 1,
    "test_set": "real_v3/test"
  },
  "dataset": {
    "n_train": 713,
    "n_val": 101,
    "n_test": 148,
    "n_good": 0,
    "n_defect": 0,
    "n_tiles_train": 0,
    "n_tiles_test": 0,
    "missing_mask_policy": "normal",
    "crop_failures": 0
  },
  "runtime": {
    "train_seconds": 4906.8,
    "infer_ms_per_image": 59.82
  },
  "metrics": {
    "bbox_map50": 0.7867662309055228,
    "bbox_map50_95": 0.68794602641004,
    "segm_map50": 0.7111509180125319,
    "segm_map50_95": 0.5658429460990508,
    "segm_map75": 0.624371200879837,
    "precision": 0.5810968927018529,
    "recall": 0.6076320472833266,
    "per_class": {
      "anti-vibration_handle": {
        "segm_ap50": -1.0,
        "segm_ap50_95": -1.0
      },
      "bearing_plate": {
        "segm_ap50": 0.7876618392736281,
        "segm_ap50_95": 0.49729243655262534
      },
      "bevel_gear_drive": {
        "segm_ap50": 0.5841584158415841,
        "segm_ap50_95": 0.40622082343981003
      },
      "bevel_gear_spindle": {
        "segm_ap50": 0.9849167036793635,
        "segm_ap50_95": 0.8690119445002431
      },
      "gearbox_housing": {
        "segm_ap50": 0.43920029784652587,
        "segm_ap50_95": 0.40515390358022924
      },
      "intermediate_gearbox": {
        "segm_ap50": -1.0,
        "segm_ap50_95": -1.0
      },
      "motor_housing": {
        "segm_ap50": 0.5941122771670351,
        "segm_ap50_95": 0.5717357255204549
      },
      "shaft": {
        "segm_ap50": 0.8768559742670544,
        "segm_ap50_95": 0.6456428430009427
      },
      "wheel_guard": {
        "segm_ap50": -1.0,
        "segm_ap50_95": -1.0
      }
    }
  },
  "git_commit": "3a1754b",
  "timestamp_utc": "2026-07-10T10:51:41.437981+00:00"
}