{
  "schema_version": "1.0",
  "run_id": "yolo_augon_20260707_200708",
  "stage": 1,
  "model": "yolo",
  "augmentation": true,
  "seed": 42,
  "smoke": true,
  "device": "cpu",
  "split": {
    "scheme": "fixed",
    "n_folds": 1,
    "test_set": "real_v3/test"
  },
  "dataset": {
    "n_train": 771,
    "n_val": 101,
    "n_test": 90,
    "n_good": 0,
    "n_defect": 0,
    "n_tiles_train": 0,
    "n_tiles_test": 0,
    "missing_mask_policy": "normal",
    "crop_failures": 0
  },
  "runtime": {
    "train_seconds": 36.26,
    "infer_ms_per_image": 62.86
  },
  "metrics": {
    "bbox_map50": 0.028781451284736945,
    "bbox_map50_95": 0.022974704946750465,
    "segm_map50": 0.028781451284736945,
    "segm_map50_95": 0.021959394101047774,
    "segm_map75": 0.02573134741600511,
    "precision": 0.08846153846153845,
    "recall": 0.1191025641025641,
    "per_class": {
      "anti-vibration_handle": {
        "segm_ap50": -1.0,
        "segm_ap50_95": -1.0
      },
      "bearing_plate": {
        "segm_ap50": -1.0,
        "segm_ap50_95": -1.0
      },
      "bevel_gear_drive": {
        "segm_ap50": 0.0,
        "segm_ap50_95": 0.0
      },
      "bevel_gear_spindle": {
        "segm_ap50": 0.042413214730970795,
        "segm_ap50_95": 0.030902242759462913
      },
      "gearbox_housing": {
        "segm_ap50": 0.0,
        "segm_ap50_95": 0.0
      },
      "intermediate_gearbox": {
        "segm_ap50": -1.0,
        "segm_ap50_95": -1.0
      },
      "motor_housing": {
        "segm_ap50": 0.07271259040797695,
        "segm_ap50_95": 0.05693533364472816
      },
      "shaft": {
        "segm_ap50": -1.0,
        "segm_ap50_95": -1.0
      },
      "wheel_guard": {
        "segm_ap50": -1.0,
        "segm_ap50_95": -1.0
      }
    }
  },
  "git_commit": "c86b3fe",
  "timestamp_utc": "2026-07-07T20:07:52.484777+00:00"
}