{
  "schema_version": "1.0",
  "run_id": "yolo_augon_realonly_20260715_223330",
  "stage": 1,
  "model": "yolo",
  "tag": "realonly",
  "init_weights": "yolo11n-seg.pt",
  "augmentation": true,
  "seed": 1,
  "smoke": false,
  "device": "cuda:0",
  "environment": {
    "kip_workers": 0,
    "torch": "2.13.0+cu126",
    "ultralytics": "8.4.95"
  },
  "split": {
    "scheme": "tool_disjoint_tool10+tool98",
    "n_folds": 1,
    "test_set": "real_v3/test",
    "fingerprint": {
      "n_test": 148,
      "test_tools": [
        "tool10",
        "tool98"
      ],
      "test_json_sha256": "deda10926453225a",
      "n_classes_total": 9,
      "n_classes_in_test_gt": 6,
      "test_category_ids": [
        2,
        3,
        4,
        5,
        7,
        8
      ]
    }
  },
  "dataset": {
    "n_train": 713,
    "n_val": 101,
    "n_test": 148,
    "n_good": 0,
    "n_defect": 0,
    "n_tiles_train": 0,
    "n_tiles_test": 0,
    "missing_mask_policy": "normal",
    "crop_failures": 0
  },
  "runtime": {
    "train_seconds": 4737.34,
    "infer_ms_per_image": 32.11
  },
  "metrics": {
    "bbox_map50": 0.8018666817258916,
    "bbox_map50_95": 0.7330222854246082,
    "segm_map50": 0.63601218728753,
    "segm_map50_95": 0.561605518256238,
    "segm_map75": 0.6291326367659809,
    "precision": 0.6169888635616796,
    "recall": 0.6188756560145097,
    "per_class": {
      "anti-vibration_handle": {
        "segm_ap50": -1.0,
        "segm_ap50_95": -1.0
      },
      "bearing_plate": {
        "segm_ap50": 0.2082036775106082,
        "segm_ap50_95": 0.20820367751060825
      },
      "bevel_gear_drive": {
        "segm_ap50": 0.5841584158415841,
        "segm_ap50_95": 0.42535365301236006
      },
      "bevel_gear_spindle": {
        "segm_ap50": 1.0,
        "segm_ap50_95": 0.8997233495570938
      },
      "gearbox_housing": {
        "segm_ap50": 0.42574257425742573,
        "segm_ap50_95": 0.41433875530410186
      },
      "intermediate_gearbox": {
        "segm_ap50": -1.0,
        "segm_ap50_95": -1.0
      },
      "motor_housing": {
        "segm_ap50": 0.5979684561155613,
        "segm_ap50_95": 0.567294636312899
      },
      "shaft": {
        "segm_ap50": 1.0,
        "segm_ap50_95": 0.8547190378403646
      },
      "wheel_guard": {
        "segm_ap50": -1.0,
        "segm_ap50_95": -1.0
      }
    }
  },
  "git_commit": "4f3eb23",
  "timestamp_utc": "2026-07-15T23:52:34.592115+00:00"
}