{
  "eval_only": true,
  "note": "Dom\u00e4nenl\u00fccken-Eval eines Checkpoints auf dem korrigierten Testsplit (tool98); NICHT neu trainiert. A_synth_only @640px -> indikativ.",
  "model": "yolo",
  "weights": "results/component_benchmark/yolo_augon_20260709_174247/yolo_train/weights/best.pt",
  "imgsz": 1088,
  "test_set": "real_v3/test (tool98)",
  "n_test": 58,
  "infer_ms_per_image": 87.88,
  "metrics": {
    "bbox_map50": 0.5921801952785288,
    "bbox_map50_95": 0.45832811180184013,
    "segm_map50": 0.4738793043444192,
    "segm_map50_95": 0.37033967556545566,
    "segm_map75": 0.4083836815015593,
    "precision": 0.3797101449275362,
    "recall": 0.39559006211180126,
    "per_class": {
      "anti-vibration_handle": {
        "segm_ap50": -1.0,
        "segm_ap50_95": -1.0
      },
      "bearing_plate": {
        "segm_ap50": 0.6738998129504827,
        "segm_ap50_95": 0.4772909713940582
      },
      "bevel_gear_drive": {
        "segm_ap50": 0.0,
        "segm_ap50_95": 0.0
      },
      "bevel_gear_spindle": {
        "segm_ap50": 1.0,
        "segm_ap50_95": 0.8806182332518966
      },
      "gearbox_housing": {
        "segm_ap50": 0.007260726072607262,
        "segm_ap50_95": 0.0017159895960568482
      },
      "intermediate_gearbox": {
        "segm_ap50": -1.0,
        "segm_ap50_95": -1.0
      },
      "motor_housing": {
        "segm_ap50": 0.16757009447843044,
        "segm_ap50_95": 0.030657428335885695
      },
      "shaft": {
        "segm_ap50": 0.9945451925649945,
        "segm_ap50_95": 0.8317554308148367
      },
      "wheel_guard": {
        "segm_ap50": -1.0,
        "segm_ap50_95": -1.0
      }
    }
  }
}