{
  "schema_version": "1.0",
  "run_id": "mask2former_augon_20260710_033150",
  "stage": 1,
  "model": "mask2former",
  "augmentation": true,
  "seed": 42,
  "smoke": false,
  "device": "cuda:0",
  "split": {
    "scheme": "fixed",
    "n_folds": 1,
    "test_set": "real_v3/test"
  },
  "dataset": {
    "n_train": 803,
    "n_val": 101,
    "n_test": 58,
    "n_good": 0,
    "n_defect": 0,
    "n_tiles_train": 0,
    "n_tiles_test": 0,
    "missing_mask_policy": "normal",
    "crop_failures": 0
  },
  "runtime": {
    "train_seconds": 9283.82,
    "infer_ms_per_image": 157.25
  },
  "metrics": {
    "bbox_map50": 0.570957095709571,
    "bbox_map50_95": 0.4139861739217447,
    "segm_map50": 0.47363509847225327,
    "segm_map50_95": 0.3625457687958263,
    "segm_map75": 0.30657104171955657,
    "precision": 0.3827950310559006,
    "recall": 0.3864182194616977,
    "per_class": {
      "anti-vibration_handle": {
        "segm_ap50": -1.0,
        "segm_ap50_95": -1.0
      },
      "bearing_plate": {
        "segm_ap50": 0.3587247822526613,
        "segm_ap50_95": 0.3343873297104146
      },
      "bevel_gear_drive": {
        "segm_ap50": 0.0,
        "segm_ap50_95": 0.0
      },
      "bevel_gear_spindle": {
        "segm_ap50": 1.0,
        "segm_ap50_95": 0.9304414191419142
      },
      "gearbox_housing": {
        "segm_ap50": 0.0,
        "segm_ap50_95": 0.0
      },
      "intermediate_gearbox": {
        "segm_ap50": -1.0,
        "segm_ap50_95": -1.0
      },
      "motor_housing": {
        "segm_ap50": 0.9979372937293727,
        "segm_ap50_95": 0.4830095131446938
      },
      "shaft": {
        "segm_ap50": 0.48514851485148514,
        "segm_ap50_95": 0.42743635077793496
      },
      "wheel_guard": {
        "segm_ap50": -1.0,
        "segm_ap50_95": -1.0
      }
    }
  },
  "git_commit": "7e0946a",
  "timestamp_utc": "2026-07-10T06:06:43.993297+00:00"
}