{
  "eval_only": true,
  "note": "Dom\u00e4nenl\u00fccken-Eval eines Checkpoints auf dem korrigierten Testsplit (tool98); NICHT neu trainiert. A_synth_only @640px -> indikativ.",
  "model": "yolo",
  "weights": "results/component_benchmark/yolo_augoff_20260709_214235/yolo_train/weights/best.pt",
  "imgsz": 1088,
  "test_set": "real_v3/test (tool98)",
  "n_test": 58,
  "infer_ms_per_image": 92.42,
  "metrics": {
    "bbox_map50": 0.6535042193116621,
    "bbox_map50_95": 0.50425276018198,
    "segm_map50": 0.41079532765306603,
    "segm_map50_95": 0.3475710490140232,
    "segm_map75": 0.39695227668130223,
    "precision": 0.3626501035196687,
    "recall": 0.3768944099378882,
    "per_class": {
      "anti-vibration_handle": {
        "segm_ap50": -1.0,
        "segm_ap50_95": -1.0
      },
      "bearing_plate": {
        "segm_ap50": 0.3898073265973214,
        "segm_ap50_95": 0.38787663352801444
      },
      "bevel_gear_drive": {
        "segm_ap50": 0.0,
        "segm_ap50_95": 0.0
      },
      "bevel_gear_spindle": {
        "segm_ap50": 1.0,
        "segm_ap50_95": 0.9005945074145424
      },
      "gearbox_housing": {
        "segm_ap50": 0.0,
        "segm_ap50_95": 0.0
      },
      "intermediate_gearbox": {
        "segm_ap50": -1.0,
        "segm_ap50_95": -1.0
      },
      "motor_housing": {
        "segm_ap50": 0.08415841584158414,
        "segm_ap50_95": 0.012346873785122869
      },
      "shaft": {
        "segm_ap50": 0.9908062234794908,
        "segm_ap50_95": 0.7846082793564595
      },
      "wheel_guard": {
        "segm_ap50": -1.0,
        "segm_ap50_95": -1.0
      }
    }
  }
}