{
  "schema_version": "1.0",
  "run_id": "yolo_augon_synthpretrain_20260716_073924",
  "stage": 1,
  "model": "yolo",
  "tag": "synthpretrain",
  "init_weights": "results/results/yolo_runs/A_synth_only/weights/best.pt",
  "augmentation": true,
  "seed": 42,
  "smoke": false,
  "device": "cuda:0",
  "environment": {
    "kip_workers": 0,
    "torch": "2.13.0+cu126",
    "ultralytics": "8.4.95"
  },
  "split": {
    "scheme": "tool_disjoint_tool10+tool98",
    "n_folds": 1,
    "test_set": "real_v3/test",
    "fingerprint": {
      "n_test": 148,
      "test_tools": [
        "tool10",
        "tool98"
      ],
      "test_json_sha256": "deda10926453225a",
      "n_classes_total": 9,
      "n_classes_in_test_gt": 6,
      "test_category_ids": [
        2,
        3,
        4,
        5,
        7,
        8
      ]
    }
  },
  "dataset": {
    "n_train": 713,
    "n_val": 101,
    "n_test": 148,
    "n_good": 0,
    "n_defect": 0,
    "n_tiles_train": 0,
    "n_tiles_test": 0,
    "missing_mask_policy": "normal",
    "crop_failures": 0
  },
  "runtime": {
    "train_seconds": 4188.53,
    "infer_ms_per_image": 28.77
  },
  "metrics": {
    "bbox_map50": 0.7205821962404861,
    "bbox_map50_95": 0.6366429846126824,
    "segm_map50": 0.6827349541816574,
    "segm_map50_95": 0.591937318182437,
    "segm_map75": 0.6619885899084607,
    "precision": 0.6133342558041381,
    "recall": 0.61702535797962,
    "per_class": {
      "anti-vibration_handle": {
        "segm_ap50": -1.0,
        "segm_ap50_95": -1.0
      },
      "bearing_plate": {
        "segm_ap50": 0.45544554455445546,
        "segm_ap50_95": 0.45544554455445546
      },
      "bevel_gear_drive": {
        "segm_ap50": 0.5841584158415841,
        "segm_ap50_95": 0.4303933922804046
      },
      "bevel_gear_spindle": {
        "segm_ap50": 0.9992015330565315,
        "segm_ap50_95": 0.887734122048096
      },
      "gearbox_housing": {
        "segm_ap50": 0.44801767058896014,
        "segm_ap50_95": 0.41481144094376904
      },
      "intermediate_gearbox": {
        "segm_ap50": -1.0,
        "segm_ap50_95": -1.0
      },
      "motor_housing": {
        "segm_ap50": 0.6452343869500854,
        "segm_ap50_95": 0.5836416860460594
      },
      "shaft": {
        "segm_ap50": 0.9643521740983281,
        "segm_ap50_95": 0.7795977232218374
      },
      "wheel_guard": {
        "segm_ap50": -1.0,
        "segm_ap50_95": -1.0
      }
    }
  },
  "git_commit": "4f3eb23",
  "timestamp_utc": "2026-07-16T08:49:18.666863+00:00"
}