run_id,stage,model,augmentation,seed,smoke,split_scheme,device,metric.bbox_map50,metric.bbox_map50_95,metric.segm_map50,metric.segm_map50_95,metric.segm_map75,metric.precision,metric.recall
yolo_augon_20260706_210225,1,yolo,True,42,True,fixed,mps,0.0,0.0,0.0,0.0,0.0,0.0,0.0
yolo_augon_20260706_211009,1,yolo,True,42,True,fixed,mps,0.020082772836291764,0.014341829538719049,0.01932498867694145,0.014143001562199673,0.012221202668771452,0.058653846153846154,0.10147058823529412
mask2former_augoff_20260706_211132,1,mask2former,False,42,True,fixed,cpu,0.0,0.0,0.0,0.0,0.0,0.0,0.0
yolo_augon_20260707_200708,1,yolo,True,42,True,fixed,cpu,0.028781451284736945,0.022974704946750465,0.028781451284736945,0.021959394101047774,0.02573134741600511,0.08846153846153845,0.1191025641025641
mask2former_augoff_20260707_200755,1,mask2former,False,42,True,fixed,cpu,0.014851485148514847,0.011881188118811878,0.014851485148514847,0.007425742574257423,0.0,0.007352941176470587,0.007352941176470587
