{
  "schema_version": "1.0",
  "run_id": "yolo_augoff_realonly_20260716_164541",
  "stage": 1,
  "model": "yolo",
  "tag": "realonly",
  "init_weights": "yolo11n-seg.pt",
  "augmentation": false,
  "seed": 2,
  "smoke": false,
  "device": "cuda:0",
  "environment": {
    "kip_workers": 0,
    "torch": "2.13.0+cu126",
    "ultralytics": "8.4.95"
  },
  "split": {
    "scheme": "tool_disjoint_tool10+tool98",
    "n_folds": 1,
    "test_set": "real_v3/test",
    "fingerprint": {
      "n_test": 148,
      "test_tools": [
        "tool10",
        "tool98"
      ],
      "test_json_sha256": "deda10926453225a",
      "n_classes_total": 9,
      "n_classes_in_test_gt": 6,
      "test_category_ids": [
        2,
        3,
        4,
        5,
        7,
        8
      ]
    }
  },
  "dataset": {
    "n_train": 713,
    "n_val": 101,
    "n_test": 148,
    "n_good": 0,
    "n_defect": 0,
    "n_tiles_train": 0,
    "n_tiles_test": 0,
    "missing_mask_policy": "normal",
    "crop_failures": 0
  },
  "runtime": {
    "train_seconds": 2768.66,
    "infer_ms_per_image": 37.7
  },
  "metrics": {
    "bbox_map50": 0.8177435100181704,
    "bbox_map50_95": 0.7039555838221823,
    "segm_map50": 0.6997965296919831,
    "segm_map50_95": 0.5897335894454554,
    "segm_map75": 0.6479866569209253,
    "precision": 0.6090440764549896,
    "recall": 0.6240973956484265,
    "per_class": {
      "anti-vibration_handle": {
        "segm_ap50": -1.0,
        "segm_ap50_95": -1.0
      },
      "bearing_plate": {
        "segm_ap50": 0.6339060376625898,
        "segm_ap50_95": 0.5049305594696092
      },
      "bevel_gear_drive": {
        "segm_ap50": 0.5841584158415841,
        "segm_ap50_95": 0.4139358578715014
      },
      "bevel_gear_spindle": {
        "segm_ap50": 0.9895906688706505,
        "segm_ap50_95": 0.8951210199195829
      },
      "gearbox_housing": {
        "segm_ap50": 0.437043601264546,
        "segm_ap50_95": 0.403629938093235
      },
      "intermediate_gearbox": {
        "segm_ap50": -1.0,
        "segm_ap50_95": -1.0
      },
      "motor_housing": {
        "segm_ap50": 0.6268456733101553,
        "segm_ap50_95": 0.5559699549243928
      },
      "shaft": {
        "segm_ap50": 0.9272347812023726,
        "segm_ap50_95": 0.7648142063944111
      },
      "wheel_guard": {
        "segm_ap50": -1.0,
        "segm_ap50_95": -1.0
      }
    }
  },
  "git_commit": "4f3eb23",
  "timestamp_utc": "2026-07-16T17:31:57.255930+00:00"
}