{
  "eval_only": true,
  "note": "Dom\u00e4nenl\u00fccken-Eval eines Checkpoints auf dem korrigierten Testsplit (tool98); NICHT neu trainiert. A_synth_only @640px -> indikativ.",
  "model": "yolo",
  "weights": "results/component_benchmark/yolo_augoff_20260710_023420/yolo_train/weights/best.pt",
  "imgsz": 1088,
  "test_set": "real_v3/test (tool98)",
  "n_test": 58,
  "infer_ms_per_image": 79.27,
  "metrics": {
    "bbox_map50": 0.6373296251817541,
    "bbox_map50_95": 0.4924783595021182,
    "segm_map50": 0.3947030977607565,
    "segm_map50_95": 0.31966412159423224,
    "segm_map75": 0.3781361469480281,
    "precision": 0.35722567287784673,
    "recall": 0.359399585921325,
    "per_class": {
      "anti-vibration_handle": {
        "segm_ap50": -1.0,
        "segm_ap50_95": -1.0
      },
      "bearing_plate": {
        "segm_ap50": 0.26881688168816875,
        "segm_ap50_95": 0.26881688168816875
      },
      "bevel_gear_drive": {
        "segm_ap50": 0.0,
        "segm_ap50_95": 0.0
      },
      "bevel_gear_spindle": {
        "segm_ap50": 1.0,
        "segm_ap50_95": 0.8359135913591359
      },
      "gearbox_housing": {
        "segm_ap50": 0.0029120559114735,
        "segm_ap50_95": 0.0005824111822947
      },
      "intermediate_gearbox": {
        "segm_ap50": -1.0,
        "segm_ap50_95": -1.0
      },
      "motor_housing": {
        "segm_ap50": 0.0964896489648965,
        "segm_ap50_95": 0.010697305024620109
      },
      "shaft": {
        "segm_ap50": 1.0,
        "segm_ap50_95": 0.801974540311174
      },
      "wheel_guard": {
        "segm_ap50": -1.0,
        "segm_ap50_95": -1.0
      }
    }
  }
}