{
  "schema_version": "1.0",
  "run_id": "yolo26_augoff_20260717_124812",
  "stage": 1,
  "model": "yolo26",
  "tag": "",
  "init_weights": "yolo26n-seg.pt",
  "augmentation": false,
  "seed": 1,
  "smoke": false,
  "device": "cuda:0",
  "environment": {
    "kip_workers": 0,
    "torch": "2.13.0+cu126",
    "ultralytics": "8.4.95"
  },
  "split": {
    "scheme": "tool_disjoint_tool10+tool98",
    "n_folds": 1,
    "test_set": "real_v3/test",
    "fingerprint": {
      "n_test": 148,
      "test_tools": [
        "tool10",
        "tool98"
      ],
      "test_json_sha256": "deda10926453225a",
      "n_classes_total": 9,
      "n_classes_in_test_gt": 6,
      "test_category_ids": [
        2,
        3,
        4,
        5,
        7,
        8
      ]
    }
  },
  "dataset": {
    "n_train": 713,
    "n_val": 101,
    "n_test": 148,
    "n_good": 0,
    "n_defect": 0,
    "n_tiles_train": 0,
    "n_tiles_test": 0,
    "missing_mask_policy": "normal",
    "crop_failures": 0
  },
  "runtime": {
    "train_seconds": 4239.03,
    "infer_ms_per_image": 417.15
  },
  "metrics": {
    "bbox_map50": 0.6368773531247305,
    "bbox_map50_95": 0.5235825918646264,
    "segm_map50": 0.6099814239134144,
    "segm_map50_95": 0.5017361560099265,
    "segm_map75": 0.5477535333080656,
    "precision": 0.5617529376854147,
    "recall": 0.6060551396289394,
    "per_class": {
      "anti-vibration_handle": {
        "segm_ap50": -1.0,
        "segm_ap50_95": -1.0
      },
      "bearing_plate": {
        "segm_ap50": 0.39394429789361673,
        "segm_ap50_95": 0.3478837751527089
      },
      "bevel_gear_drive": {
        "segm_ap50": 0.5750065138092756,
        "segm_ap50_95": 0.4182856635830078
      },
      "bevel_gear_spindle": {
        "segm_ap50": 0.9384673046891693,
        "segm_ap50_95": 0.823427405144471
      },
      "gearbox_housing": {
        "segm_ap50": 0.42487645005869573,
        "segm_ap50_95": 0.3912589128160151
      },
      "intermediate_gearbox": {
        "segm_ap50": -1.0,
        "segm_ap50_95": -1.0
      },
      "motor_housing": {
        "segm_ap50": 0.8922740892812588,
        "segm_ap50_95": 0.653208600184726
      },
      "shaft": {
        "segm_ap50": 0.43531988774847,
        "segm_ap50_95": 0.37635257917862996
      },
      "wheel_guard": {
        "segm_ap50": -1.0,
        "segm_ap50_95": -1.0
      }
    }
  },
  "git_commit": "4f3eb23",
  "timestamp_utc": "2026-07-17T14:00:06.402858+00:00"
}