{
  "schema_version": "1.0",
  "run_id": "yolo26_augon_20260715_235239",
  "stage": 1,
  "model": "yolo26",
  "tag": "",
  "init_weights": "yolo26n-seg.pt",
  "augmentation": true,
  "seed": 1,
  "smoke": false,
  "device": "cuda:0",
  "environment": {
    "kip_workers": 0,
    "torch": "2.13.0+cu126",
    "ultralytics": "8.4.95"
  },
  "split": {
    "scheme": "tool_disjoint_tool10+tool98",
    "n_folds": 1,
    "test_set": "real_v3/test",
    "fingerprint": {
      "n_test": 148,
      "test_tools": [
        "tool10",
        "tool98"
      ],
      "test_json_sha256": "deda10926453225a",
      "n_classes_total": 9,
      "n_classes_in_test_gt": 6,
      "test_category_ids": [
        2,
        3,
        4,
        5,
        7,
        8
      ]
    }
  },
  "dataset": {
    "n_train": 713,
    "n_val": 101,
    "n_test": 148,
    "n_good": 0,
    "n_defect": 0,
    "n_tiles_train": 0,
    "n_tiles_test": 0,
    "missing_mask_policy": "normal",
    "crop_failures": 0
  },
  "runtime": {
    "train_seconds": 4884.41,
    "infer_ms_per_image": 34.96
  },
  "metrics": {
    "bbox_map50": 0.7410087994821332,
    "bbox_map50_95": 0.6782936810044116,
    "segm_map50": 0.6807200696401614,
    "segm_map50_95": 0.5390418728998021,
    "segm_map75": 0.5946543256387576,
    "precision": 0.5926597658485945,
    "recall": 0.59682306641739,
    "per_class": {
      "anti-vibration_handle": {
        "segm_ap50": -1.0,
        "segm_ap50_95": -1.0
      },
      "bearing_plate": {
        "segm_ap50": 0.7605193744840134,
        "segm_ap50_95": 0.3418331903021146
      },
      "bevel_gear_drive": {
        "segm_ap50": 0.5841584158415841,
        "segm_ap50_95": 0.4113100200997543
      },
      "bevel_gear_spindle": {
        "segm_ap50": 0.9901190127447504,
        "segm_ap50_95": 0.8734495561892865
      },
      "gearbox_housing": {
        "segm_ap50": 0.42574257425742573,
        "segm_ap50_95": 0.4060917969625017
      },
      "intermediate_gearbox": {
        "segm_ap50": -1.0,
        "segm_ap50_95": -1.0
      },
      "motor_housing": {
        "segm_ap50": 0.5803840817697015,
        "segm_ap50_95": 0.5685056331389414
      },
      "shaft": {
        "segm_ap50": 0.7433969587434933,
        "segm_ap50_95": 0.6330610407062144
      },
      "wheel_guard": {
        "segm_ap50": -1.0,
        "segm_ap50_95": -1.0
      }
    }
  },
  "git_commit": "4f3eb23",
  "timestamp_utc": "2026-07-16T01:14:10.752809+00:00"
}