{
  "schema_version": "1.0",
  "run_id": "yolo_augoff_20260709_214235",
  "stage": 1,
  "model": "yolo",
  "augmentation": false,
  "seed": 42,
  "smoke": false,
  "device": "cuda:0",
  "split": {
    "scheme": "fixed",
    "n_folds": 1,
    "test_set": "real_v3/test"
  },
  "dataset": {
    "n_train": 803,
    "n_val": 101,
    "n_test": 58,
    "n_good": 0,
    "n_defect": 0,
    "n_tiles_train": 0,
    "n_tiles_test": 0,
    "missing_mask_policy": "normal",
    "crop_failures": 0
  },
  "runtime": {
    "train_seconds": 3306.92,
    "infer_ms_per_image": 60.17
  },
  "metrics": {
    "bbox_map50": 0.012358956567939932,
    "bbox_map50_95": 0.0031164800566973985,
    "segm_map50": 0.002354503743057233,
    "segm_map50_95": 0.0018664976253722936,
    "segm_map75": 0.001479111325766723,
    "precision": 0.01857142857142857,
    "recall": 0.03761904761904762,
    "per_class": {
      "anti-vibration_handle": {
        "segm_ap50": -1.0,
        "segm_ap50_95": -1.0
      },
      "bearing_plate": {
        "segm_ap50": 0.0,
        "segm_ap50_95": 0.0
      },
      "bevel_gear_drive": {
        "segm_ap50": 0.0,
        "segm_ap50_95": 0.0
      },
      "bevel_gear_spindle": {
        "segm_ap50": 0.014127022458343394,
        "segm_ap50_95": 0.011198985752233761
      },
      "gearbox_housing": {
        "segm_ap50": 0.0,
        "segm_ap50_95": 0.0
      },
      "intermediate_gearbox": {
        "segm_ap50": -1.0,
        "segm_ap50_95": -1.0
      },
      "motor_housing": {
        "segm_ap50": 0.0,
        "segm_ap50_95": 0.0
      },
      "shaft": {
        "segm_ap50": 0.0,
        "segm_ap50_95": 0.0
      },
      "wheel_guard": {
        "segm_ap50": -1.0,
        "segm_ap50_95": -1.0
      }
    }
  },
  "git_commit": "7e0946a",
  "timestamp_utc": "2026-07-09T22:37:46.929809+00:00"
}