{
  "schema_version": "1.0",
  "run_id": "mask2former_augoff_20260707_200755",
  "stage": 1,
  "model": "mask2former",
  "augmentation": false,
  "seed": 42,
  "smoke": true,
  "device": "cpu",
  "split": {
    "scheme": "fixed",
    "n_folds": 1,
    "test_set": "real_v3/test"
  },
  "dataset": {
    "n_train": 771,
    "n_val": 101,
    "n_test": 90,
    "n_good": 0,
    "n_defect": 0,
    "n_tiles_train": 0,
    "n_tiles_test": 0,
    "missing_mask_policy": "normal",
    "crop_failures": 0
  },
  "runtime": {
    "train_seconds": 172.19,
    "infer_ms_per_image": 1477.17
  },
  "metrics": {
    "bbox_map50": 0.014851485148514847,
    "bbox_map50_95": 0.011881188118811878,
    "segm_map50": 0.014851485148514847,
    "segm_map50_95": 0.007425742574257423,
    "segm_map75": 0.0,
    "precision": 0.007352941176470587,
    "recall": 0.007352941176470587,
    "per_class": {
      "anti-vibration_handle": {
        "segm_ap50": -1.0,
        "segm_ap50_95": -1.0
      },
      "bearing_plate": {
        "segm_ap50": -1.0,
        "segm_ap50_95": -1.0
      },
      "bevel_gear_drive": {
        "segm_ap50": 0.05940594059405939,
        "segm_ap50_95": 0.02970297029702969
      },
      "bevel_gear_spindle": {
        "segm_ap50": 0.0,
        "segm_ap50_95": 0.0
      },
      "gearbox_housing": {
        "segm_ap50": 0.0,
        "segm_ap50_95": 0.0
      },
      "intermediate_gearbox": {
        "segm_ap50": -1.0,
        "segm_ap50_95": -1.0
      },
      "motor_housing": {
        "segm_ap50": 0.0,
        "segm_ap50_95": 0.0
      },
      "shaft": {
        "segm_ap50": -1.0,
        "segm_ap50_95": -1.0
      },
      "wheel_guard": {
        "segm_ap50": -1.0,
        "segm_ap50_95": -1.0
      }
    }
  },
  "git_commit": "c86b3fe",
  "timestamp_utc": "2026-07-07T20:13:01.318673+00:00"
}