{
  "schema_version": "1.0",
  "run_id": "yolo26_augoff_20260717_114349",
  "stage": 1,
  "model": "yolo26",
  "tag": "",
  "init_weights": "yolo26n-seg.pt",
  "augmentation": false,
  "seed": 42,
  "smoke": false,
  "device": "cuda:0",
  "environment": {
    "kip_workers": 0,
    "torch": "2.13.0+cu126",
    "ultralytics": "8.4.95"
  },
  "split": {
    "scheme": "tool_disjoint_tool10+tool98",
    "n_folds": 1,
    "test_set": "real_v3/test",
    "fingerprint": {
      "n_test": 148,
      "test_tools": [
        "tool10",
        "tool98"
      ],
      "test_json_sha256": "deda10926453225a",
      "n_classes_total": 9,
      "n_classes_in_test_gt": 6,
      "test_category_ids": [
        2,
        3,
        4,
        5,
        7,
        8
      ]
    }
  },
  "dataset": {
    "n_train": 713,
    "n_val": 101,
    "n_test": 148,
    "n_good": 0,
    "n_defect": 0,
    "n_tiles_train": 0,
    "n_tiles_test": 0,
    "missing_mask_policy": "normal",
    "crop_failures": 0
  },
  "runtime": {
    "train_seconds": 3846.97,
    "infer_ms_per_image": 58.53
  },
  "metrics": {
    "bbox_map50": 0.7088553628191588,
    "bbox_map50_95": 0.5885884470600288,
    "segm_map50": 0.6652080465083392,
    "segm_map50_95": 0.5359000328732464,
    "segm_map75": 0.5887306364924593,
    "precision": 0.5994105417906574,
    "recall": 0.6127313401869168,
    "per_class": {
      "anti-vibration_handle": {
        "segm_ap50": -1.0,
        "segm_ap50_95": -1.0
      },
      "bearing_plate": {
        "segm_ap50": 0.5184265863137524,
        "segm_ap50_95": 0.40257805657394063
      },
      "bevel_gear_drive": {
        "segm_ap50": 0.5825082508250825,
        "segm_ap50_95": 0.42020086074541513
      },
      "bevel_gear_spindle": {
        "segm_ap50": 0.9607691706039506,
        "segm_ap50_95": 0.8401335256758481
      },
      "gearbox_housing": {
        "segm_ap50": 0.42574257425742573,
        "segm_ap50_95": 0.3970879440885265
      },
      "intermediate_gearbox": {
        "segm_ap50": -1.0,
        "segm_ap50_95": -1.0
      },
      "motor_housing": {
        "segm_ap50": 0.8563940372328885,
        "segm_ap50_95": 0.6099119725541292
      },
      "shaft": {
        "segm_ap50": 0.6474076598169352,
        "segm_ap50_95": 0.545487837601619
      },
      "wheel_guard": {
        "segm_ap50": -1.0,
        "segm_ap50_95": -1.0
      }
    }
  },
  "git_commit": "4f3eb23",
  "timestamp_utc": "2026-07-17T12:48:07.250770+00:00"
}