{
  "schema_version": "1.0",
  "run_id": "yolo26_augon_20260716_042439",
  "stage": 1,
  "model": "yolo26",
  "tag": "",
  "init_weights": "yolo26n-seg.pt",
  "augmentation": true,
  "seed": 2,
  "smoke": false,
  "device": "cuda:0",
  "environment": {
    "kip_workers": 0,
    "torch": "2.13.0+cu126",
    "ultralytics": "8.4.95"
  },
  "split": {
    "scheme": "tool_disjoint_tool10+tool98",
    "n_folds": 1,
    "test_set": "real_v3/test",
    "fingerprint": {
      "n_test": 148,
      "test_tools": [
        "tool10",
        "tool98"
      ],
      "test_json_sha256": "deda10926453225a",
      "n_classes_total": 9,
      "n_classes_in_test_gt": 6,
      "test_category_ids": [
        2,
        3,
        4,
        5,
        7,
        8
      ]
    }
  },
  "dataset": {
    "n_train": 713,
    "n_val": 101,
    "n_test": 148,
    "n_good": 0,
    "n_defect": 0,
    "n_tiles_train": 0,
    "n_tiles_test": 0,
    "missing_mask_policy": "normal",
    "crop_failures": 0
  },
  "runtime": {
    "train_seconds": 4747.93,
    "infer_ms_per_image": 37.46
  },
  "metrics": {
    "bbox_map50": 0.7355219122260234,
    "bbox_map50_95": 0.6434717096249942,
    "segm_map50": 0.6075677071709061,
    "segm_map50_95": 0.5169762614518706,
    "segm_map75": 0.5602185037309306,
    "precision": 0.5798999331859412,
    "recall": 0.5938383026130876,
    "per_class": {
      "anti-vibration_handle": {
        "segm_ap50": -1.0,
        "segm_ap50_95": -1.0
      },
      "bearing_plate": {
        "segm_ap50": 0.16211137127346606,
        "segm_ap50_95": 0.1604527747568801
      },
      "bevel_gear_drive": {
        "segm_ap50": 0.5803080308030804,
        "segm_ap50_95": 0.42209335219236205
      },
      "bevel_gear_spindle": {
        "segm_ap50": 0.9932954804257664,
        "segm_ap50_95": 0.9335561203267928
      },
      "gearbox_housing": {
        "segm_ap50": 0.45544554455445546,
        "segm_ap50_95": 0.3991203387580137
      },
      "intermediate_gearbox": {
        "segm_ap50": -1.0,
        "segm_ap50_95": -1.0
      },
      "motor_housing": {
        "segm_ap50": 0.989783298288329,
        "segm_ap50_95": 0.7613194052973344
      },
      "shaft": {
        "segm_ap50": 0.4644625176803395,
        "segm_ap50_95": 0.42531557737984044
      },
      "wheel_guard": {
        "segm_ap50": -1.0,
        "segm_ap50_95": -1.0
      }
    }
  },
  "git_commit": "4f3eb23",
  "timestamp_utc": "2026-07-16T05:43:54.263131+00:00"
}